source_sheet,excel_row,template_order,section,section_source_row,subgroup,source_number,item_name,unit,quantity_default,quantity_formula,quantity_source_suggestion,sale_unit_price,cost_unit_price,cost_status,amount_formula,remarks,material_demand_category,can_trigger_material_demand,data_quality_notes
半包报价模板,6,1,一、砌墙工程,5,,1,内墙顶涂料铲除及打毛处理,M2,0,,主案设计师手工填写,8,4,已提供,F6*G6,1、人工费；                                                               2、垃圾装袋运至小区指定点，如需要运到小区外费用另计。,,否,
半包报价模板,7,2,一、砌墙工程,5,,2,120墙体拆除,M2,0,,主案设计师手工填写,62,40,已提供,,1、指不违反物业规定的非承重墙；                                                 2、人工费；                                                                    3、垃圾装袋运至小区指定点，如需要运到小区外费用另计。,,否,
半包报价模板,8,3,一、砌墙工程,5,,3,240墙体拆除,M2,0,,主案设计师手工填写,72,50,已提供,,1、指不违反物业规定的非承重墙；                                                 2、人工费；                                                                    3、垃圾装袋运至小区指定点，如需要运到小区外费用另计。,,否,
半包报价模板,9,4,一、砌墙工程,5,,4,构造墙切割,处,0,,主案设计师手工填写,1000,800,已提供,,1、指不违反物业规定的非承重墙；                                                 2、人工费；                                                                    3、垃圾装袋运至小区指定点，如需要运到小区外费用另计。,,否,
半包报价模板,10,5,一、砌墙工程,5,,5,横梁剥皮,项,0,,主案设计师手工填写,500,300,已提供,,1、指不违反物业规定的非承重墙；                                                 2、人工费；                                                                    3、垃圾装袋运至小区指定点，如需要运到小区外费用另计。,,否,
半包报价模板,11,6,一、砌墙工程,5,,6,原有飘窗拆除,M,0,,主案设计师手工填写,260,200,已提供,,1、人工费；                                                              2、垃圾装袋运至小区指定点，如需要运到小区外费用另计。                         3、如遇混凝土及钢结构飘窗费用另计,,否,
半包报价模板,12,7,一、砌墙工程,5,,7,敲半墙,M2,0,,主案设计师手工填写,118,50,已提供,,1、指不违反物业规定的非承重墙；                                                   2、人工费；                                                                     3、垃圾装袋运至小区指定点，如需要运到小区外费用另计。                         4、如遇轻质砖墙或空斗砖墙，需整体拆墙后，再重新砌墙粉刷，费用另计,,否,
半包报价模板,13,8,一、砌墙工程,5,,8,挖半墙后墙面修补抹灰,M2,0,,主案设计师手工填写,50,30,已提供,,水泥砂浆粉面抹灰,,否,
半包报价模板,14,9,一、砌墙工程,5,,9,普通地梁浇筑,M,3.85,0.41+0.66+0.98+0.94+0.5+0.36,规则计算,50,35,已提供,,"1、强度32.5普通硅酸盐水泥；             
2、瓜子片浇筑； 钢筋植入，打入植筋胶                        
3、现浇地梁高度≥200mm",,否,
半包报价模板,15,10,一、砌墙工程,5,,10,地梁浇筑,M,0,,主案设计师手工填写,220,160,已提供,,"1、强度32.5普通硅酸盐水泥；             
2、瓜子片浇筑； 钢筋植入，打入植筋胶                        
3、地板支模现浇地梁高度≥200mm",,否,
半包报价模板,16,11,一、砌墙工程,5,,11,快装龙骨隔墙（防水板/干湿区砌墙专用）,M2,0,,主案设计师手工填写,258,160,已提供,,1、使用快装龙骨+背衬板打底 （免焊龙骨规格34*34）                     2、墙厚≤60mm，工程量按单面立面面积计。,,否,
半包报价模板,17,12,一、砌墙工程,5,,12,快装龙骨隔墙（石膏板饰面）,M2,0,,主案设计师手工填写,208,125,已提供,,1、使用快装龙骨+石膏板 （免焊龙骨规格34*34）                     2、墙厚≤80mm，工程量按单面立面面积计。,,否,
半包报价模板,18,13,一、砌墙工程,5,,13,快装龙骨隔墙（欧松板打底/石膏板饰面）,M2,0,,主案设计师手工填写,328,185,已提供,,1、使用快装龙骨+石膏板+欧松板打底 （免焊龙骨规格34*34）                     2、墙厚≤100mm，工程量按单面立面面积计。,,否,
半包报价模板,19,14,一、砌墙工程,5,,14,多孔120红砖砌墙,M2,58.4328,(0.41+0.66+0.92+0.9+0.36+3.1+1.28+1.51+1.58+1.06+0.38+0.33+0.35+1.88+0.56+0.84+0.38+1.44+0.56+1.58)*I5,引用其他项目/参数,188,128,已提供,,1、使用多孔砖，强度32.5普通硅酸盐水泥砂浆砌筑；                               2、墙厚≤120mm，工程量按单面立面面积计。4：墙面水泥砂浆抹灰,,否,
半包报价模板,20,15,一、砌墙工程,5,,15,多孔240红砖砌墙,M2,0.6402,(0.22)*I5,引用其他项目/参数,288,220,已提供,,1、使用多孔砖，强度32.5普通硅酸盐水泥砂浆砌筑；                               2、墙厚≤60mm，工程量按单面立面面积计。4：墙面水泥砂浆抹灰,,否,
半包报价模板,21,16,一、砌墙工程,5,,16,砌墙弧形墙造型,个,1,,主案设计师手工填写,400,300,已提供,,1、弧形墙人工费；,,否,
半包报价模板,22,17,一、砌墙工程,5,,17,双面石膏板隔墙,M2,3.5186,(0.33+0.21+0.26+0.66)*2.41,规则计算,138,90,已提供,,"1、轻钢龙骨基架，间距≤400mm，双面封9.5mm厚纸面石膏板，全封闭不带门窗，墙厚950mm; 
2、石膏板自攻螺丝钉固定，钉帽涂防锈漆，板接缝处填嵌缝石膏，粘帖专用绷带；",,否,
半包报价模板,23,18,一、砌墙工程,5,,18,石膏板隔墙隔音棉,M2,3.5186,SUM(F22),引用其他项目/参数,30,20,已提供,,"1、轻钢龙骨基架，间距≤400mm，双面封9mm厚纸面石膏板，全封闭不带门窗，墙厚120mm; 
2、石膏板自攻螺丝钉固定，钉帽涂防锈漆，板接缝处填嵌缝石膏，粘帖专用绷带；     
3、批腻子和面层装饰另计；               
4、隔断内填充保温隔音材料费用另计；     
5、工程量按单面立面面积计算；           
6、弧形工艺上浮30%。
7、15MM欧松板找平，打底。",,否,
半包报价模板,24,19,一、砌墙工程,5,,20,砖墙门洞过梁,个,5,,主案设计师手工填写,100,60,已提供,,混凝土过梁或4号角铁过梁1.0米以内为一个,房门/门套,是,
半包报价模板,27,20,二、客餐厅工程,26,,,门槛石安装,M,,,主案设计师手工填写,120,100,已提供,F27*G27,水泥黄沙铺贴（不足1米按1米算）,门槛石/窗台石/石材,是,
半包报价模板,28,21,二、客餐厅工程,26,,,石材窗台板铺设,M,,,主案设计师手工填写,100,80,已提供,,"1、轻工辅料，宽度≤300mm;                               
2、干性水泥砂浆铺贴，玻璃胶填缝；       
3、不含抛光打蜡。",门槛石/窗台石/石材,是,
半包报价模板,29,22,二、客餐厅工程,26,,,成品保护,M2,50,SUM(E26),空间面积,12,12,已提供,,乙方提供成品保护材料对于施工完成的半成品及成品进行保护。,,否,
半包报价模板,30,23,二、客餐厅工程,26,,防水,地面水性防水涂料（地暖地面要算2遍）,M2,,,主案设计师手工填写,65,35,已提供,,"1、地面清理，四周防水带，内外角防水贴，淋浴水管根套             
2、一般墙面上返300mm
3、做24小时蓄水试验（甲方验收签字）；                   
4、不包含原地面装饰层拆除；
5、按实际涂刷面积计算工程量。",,否,
半包报价模板,31,24,二、客餐厅工程,26,,,墙面水性防水涂料,M2,,,主案设计师手工填写,65,35,已提供,,"1、墙面清理，四周防水带，内外角防水贴，淋浴水管根套                 
2、卫生间墙面涂刷2000mm；                     
3、做24小时蓄水试验（甲方验收签字）；                   
4、不包含原地面装饰层拆除；
5、按实际涂刷面积计算工程量。",,否,
半包报价模板,32,25,二、客餐厅工程,26,,泥工贴砖,800*800mm地砖（水泥砂浆粘贴）,M2,0,,主案设计师手工填写,150,90,已提供,,水泥黄沙铺贴，斜铺、错缝、不规则、走边铺贴费用另计，不含美缝、胶泥。,瓷砖/石材铺贴,是,
半包报价模板,33,26,二、客餐厅工程,26,,,600*1200mm地砖（水泥砂浆粘贴）,M2,50,E26,空间面积,160,100,已提供,,水泥黄沙铺贴，斜铺、错缝、不规则、走边铺贴费用另计，不含美缝、胶泥。,瓷砖/石材铺贴,是,
半包报价模板,34,27,二、客餐厅工程,26,,,750*1500mm地砖（水泥砂浆粘贴）,M2,0,,主案设计师手工填写,170,105,已提供,,水泥黄沙铺贴，斜铺、错缝、不规则、走边铺贴费用另计，不含美缝、胶泥。,瓷砖/石材铺贴,是,
半包报价模板,35,28,二、客餐厅工程,26,,,900*1800mm地砖（水泥砂浆粘贴）,M2,0,,主案设计师手工填写,200,120,已提供,,水泥黄沙铺贴，斜铺、错缝、不规则、走边铺贴费用另计，不含美缝、胶泥。,瓷砖/石材铺贴,是,
半包报价模板,36,29,二、客餐厅工程,26,,,200*700mm小砖（胶泥粘帖）,M2,0,,主案设计师手工填写,200,140,已提供,,"1、轻工辅料，
2、马贝胶泥铺贴；",瓷砖/石材铺贴,是,
半包报价模板,37,30,二、客餐厅工程,26,,,800*800mm墙砖（胶泥粘帖）,M2,0,,主案设计师手工填写,160,100,已提供,,"1、轻工辅料，
2、马贝胶泥铺贴；",瓷砖/石材铺贴,是,
半包报价模板,38,31,二、客餐厅工程,26,,,600*1200mm墙砖（胶泥粘帖）,M2,0,,主案设计师手工填写,170,105,已提供,,"1、轻工辅料，
2、马贝胶泥铺贴；",瓷砖/石材铺贴,是,
半包报价模板,39,32,二、客餐厅工程,26,,,750*1500mm墙砖（胶泥粘帖）,M2,0,,主案设计师手工填写,180,110,已提供,,"1、轻工辅料，
2、马贝胶泥铺贴；",瓷砖/石材铺贴,是,
半包报价模板,40,33,二、客餐厅工程,26,,,900*1800mm墙砖（胶泥粘帖）,M2,0,,主案设计师手工填写,220,130,已提供,,"1、轻工辅料，
2、马贝胶泥铺贴；",瓷砖/石材铺贴,是,
半包报价模板,41,34,二、客餐厅工程,26,,,（薄贴）瓷砖增加人工费,M2,,,主案设计师手工填写,20,10,已提供,,水泥黄沙瓜子片地暖找平，厚度≤50mm,瓷砖/石材铺贴,是,
半包报价模板,42,35,二、客餐厅工程,26,,找平,粗找平,M2,0,,主案设计师手工填写,58,40,已提供,,水泥黄沙瓜子片地暖找平，厚度≤50mm,,否,
半包报价模板,43,36,二、客餐厅工程,26,,,瓜子片豆石精找平,M2,0,,主案设计师手工填写,78,50,已提供,,水泥黄沙瓜子片豆石精找平（地砖博贴专用，误差3mm）（厚度3到5cm）,,否,
半包报价模板,44,37,二、客餐厅工程,26,,,半干成品砂浆找平,M2,0,,主案设计师手工填写,98,65,已提供,,半干砂浆找平（地板找平专用，误差3mm以内）（厚度3到5cm）,,否,
半包报价模板,45,38,二、客餐厅工程,26,,木工吊顶,石膏板吊平顶,M2,38.4,E26-11.6,空间面积,168,100,已提供,,"1、轻钢骨架，间距一般为400mm,打孔下膨胀螺栓固定；                           2、9.5mm厚纸面石膏板罩面，自攻螺丝钉固定，钉眼点涂防锈漆，石膏板接缝处填嵌石膏，粘帖专用绷带；",,否,
半包报价模板,46,39,二、客餐厅工程,26,,,欧松板基层处理,M,0,,主案设计师手工填写,168,100,已提供,,千年舟12/15MM欧松板基础打底,,否,
半包报价模板,47,40,二、客餐厅工程,26,,,欧松板基层石膏板饰面,M2,0,,主案设计师手工填写,240,140,已提供,,"1、15MM欧松板找平，打底。
2、9mm厚纸面石膏板罩面，自攻螺丝钉固定，钉眼点涂防锈漆，石膏板接缝处填嵌石膏，粘帖专用绷带；",,否,
半包报价模板,48,41,二、客餐厅工程,26,,,双层石膏板（墙面找平）,M2,,,主案设计师手工填写,188,110,已提供,,墙面木楔找平,,否,
半包报价模板,49,42,二、客餐厅工程,26,,,双层石膏板吊顶（顶面）,M2,,,主案设计师手工填写,238,150,已提供,,"1、轻钢骨架，间距一般为400mm,打孔下膨胀螺栓固定；                           2、9.5mm厚纸面石膏板罩面，加欧松板自攻螺丝钉固定，钉眼点涂防锈漆，石膏板接缝处填嵌石膏，粘帖专用绷带；",,否,
半包报价模板,50,43,二、客餐厅工程,26,,,石膏板吊斜顶,M2,0,,主案设计师手工填写,188,110,已提供,,"1、轻钢骨架，间距一般为400mm,打孔下膨胀螺栓固定；                           2、9.5mm厚纸面石膏板罩面，自攻螺丝钉固定，钉眼点涂防锈漆，石膏板接缝处填嵌石膏，粘帖专用绷带；",,否,
半包报价模板,51,44,二、客餐厅工程,26,,,防水石膏板吊平顶,M2,0,,主案设计师手工填写,198,110,已提供,,"1、轻钢骨架，间距一般为400mm,打孔下膨胀螺栓固定；                           2、9.5mm厚纸面石膏板罩面，自攻螺丝钉固定，钉眼点涂防锈漆，石膏板接缝处填嵌石膏，粘帖专用绷带；",,否,
半包报价模板,52,45,二、客餐厅工程,26,,,石膏板异性造型吊顶,M2,13.4217,0.9*7.71+1.57*3.21+0.13*11.1,规则计算,258,150,已提供,,"1、轻钢骨架，间距一般为400mm,打孔下膨胀螺栓固定；                           2、9.5mm厚纸面石膏板罩面，自攻螺丝钉固定，钉眼点涂防锈漆，石膏板接缝处填嵌石膏，粘帖专用绷带；",,否,
半包报价模板,53,46,二、客餐厅工程,26,,,石膏板普通单层边吊（≤300mm）,M,0,,主案设计师手工填写,208,110,已提供,,"1、轻钢骨架，间距一般为400mm,打孔下膨胀螺栓固定；                           2、9.5mm厚纸面石膏板罩面，自攻螺丝钉固定，钉眼点涂防锈漆，石膏板接缝处填嵌石膏，粘帖专用绷带；
3、宽度不大于60mm。",,否,
半包报价模板,54,47,二、客餐厅工程,26,,,石膏板单级走边（≤200mm）,M,16.7,9.8+6.9,规则计算,80,50,已提供,,木板基层，石膏板封边，宽度少于20mm,,否,
半包报价模板,55,48,二、客餐厅工程,26,,,石膏板双级走边/双眼皮走边,M,0,,主案设计师手工填写,100,60,已提供,,木板基层，石膏板封边，宽度少于20mm,,否,
半包报价模板,56,49,二、客餐厅工程,26,,,禅翼型材灯线安装,M,0,,主案设计师手工填写,40,20,已提供,,,,否,缺施工说明
半包报价模板,57,50,二、客餐厅工程,26,,,吊顶凹槽造型/线型灯,M,25.89,13+1.89+11,规则计算,50,35,已提供,,留槽工艺,,否,
半包报价模板,58,51,二、客餐厅工程,26,,,反光灯槽吊顶,M,7.7,7.7,规则计算,60,40,已提供,,木工板基层，石膏板封边,,否,
半包报价模板,59,52,二、客餐厅工程,26,,,空调出风或回风口框架,M,6,,主案设计师手工填写,200,130,已提供,,欧松板框架，龙骨角条固定长度≤2000mm,,否,
半包报价模板,60,53,二、客餐厅工程,26,,,窗帘盒,M,6.1,,主案设计师手工填写,208,130,已提供,,1、优等欧松板做底板与立板，石膏板贴面                          2、宽度≤280mm；,,否,
半包报价模板,61,54,二、客餐厅工程,26,,,石膏板弧形造型（按人工补差）,个,4,,主案设计师手工填写,600,400,已提供,,圆弧造型补差人工费,,否,
半包报价模板,62,55,二、客餐厅工程,26,,,电视背景反光灯槽,M,0,,主案设计师手工填写,60,40,已提供,,木工板基层，石膏板封边,,否,
半包报价模板,63,56,二、客餐厅工程,26,,,欧松板基层石膏板饰面,M2,0,,主案设计师手工填写,240,140,已提供,,"1、15MM欧松板找平，打底。
2、9.5mm厚纸面石膏板罩面，自攻螺丝钉固定，钉眼点涂防锈漆，石膏板接缝处填嵌石膏，粘帖专用绷带；",,否,
半包报价模板,64,57,二、客餐厅工程,26,,,木制地台（一级细木工板）,M2,0,,主案设计师手工填写,208,110,已提供,,"1、松木方或优等细木工板开条做骨架，上铺优等细木工板，抽屉另计；               
2、地板、地毯、石塑等面层铺设另计；     
3、按平面面积计算工程量，高度≤200mm。",,否,
半包报价模板,65,58,二、客餐厅工程,26,,油漆,顶面基层处理,M2,50,SUM(E26),空间面积,47,35,已提供,,"1、刷界面剂一遍，批刮腻子三遍，打磨平整；                                   2、顶面水泥砂浆处理、沙灰墙铲除、原顶面涂层铲除及贴布等费用另计；             
3、原顶面平整度误差超过1.5cm、垂直误差超过1.5cm需找平，费用另计。",,否,
半包报价模板,66,59,二、客餐厅工程,26,,,顶面乳胶漆,M2,50,F65,引用其他项目/参数,18,10,已提供,,"1、一遍底涂
2、两遍面涂及人工。",,否,
半包报价模板,67,60,二、客餐厅工程,26,,,墙面基层处理,M2,112,SUM(G26*I26),空间周长,47,35,已提供,,"1、刷界面剂一遍，批刮腻子三遍，打磨平整；                                   2、顶面水泥砂浆处理、沙灰墙铲除、原顶面涂层铲除及贴布等费用另计；
3、原顶面平整度误差超过1.5cm、垂直误差超过1.5cm需找平，费用另计。",,否,
半包报价模板,68,61,二、客餐厅工程,26,,,墙面乳胶漆,M2,112,SUM(F67:F67),引用其他项目/参数,18,10,已提供,,"1、一遍底涂
2、两遍面涂及人工。",,否,
半包报价模板,69,62,二、客餐厅工程,26,,包管,包管道（1根）,项,0,,主案设计师手工填写,280,200,已提供,,"1、成品现浇混凝土或红砖包管，含人工、辅料，
2、未包管部分下水管采用EVA材料保护、专用扎带固定",,否,
半包报价模板,70,63,二、客餐厅工程,26,,,包管道（2根）,项,0,,主案设计师手工填写,380,300,已提供,,"1、成品现浇混凝土或红砖包管，含人工、辅料，
2、未包管部分下水管采用EVA材料保护、专用扎带固定",,否,
半包报价模板,71,64,二、客餐厅工程,26,,,包管道（3根）,项,0,,主案设计师手工填写,480,400,已提供,,"1、成品现浇混凝土或红砖包管，含人工、辅料，
2、未包管部分下水管采用EVA材料保护、专用扎带固定",,否,
半包报价模板,74,65,三、卧室工程,73,,,石材窗台板铺设（飘窗）,M,0,,主案设计师手工填写,160,100,已提供,F74*G74,"1、轻工辅料，，宽度≤800mm;                               
2、干性水泥砂浆铺贴，玻璃胶填缝；       
3、不含抛光打蜡。",门槛石/窗台石/石材,是,
半包报价模板,75,66,三、卧室工程,73,,,石材窗台板铺设,M,1.76,,主案设计师手工填写,100,50,已提供,,"1、轻工辅料，宽度≤300mm;                               
2、干性水泥砂浆铺贴，玻璃胶填缝；       
3、不含抛光打蜡。",门槛石/窗台石/石材,是,
半包报价模板,76,67,三、卧室工程,73,,,成品保护,M2,0,,主案设计师手工填写,12,12,已提供,,乙方提供成品保护材料对于施工完成的半成品及成品进行保护。,,否,
半包报价模板,77,68,三、卧室工程,73,,泥工贴砖,800*800mm地砖（水泥砂浆粘贴）,M2,0,,主案设计师手工填写,150,90,已提供,,水泥黄沙铺贴，斜铺、错缝、不规则、走边铺贴费用另计，不含美缝、胶泥。,瓷砖/石材铺贴,是,
半包报价模板,78,69,三、卧室工程,73,,,600*1200mm地砖（水泥砂浆粘贴）,M2,20,SUM(E73),空间面积,160,100,已提供,,水泥黄沙铺贴，斜铺、错缝、不规则、走边铺贴费用另计，不含美缝、胶泥。,瓷砖/石材铺贴,是,
半包报价模板,79,70,三、卧室工程,73,,,750*1500mm地砖（水泥砂浆粘贴）,M2,0,,主案设计师手工填写,170,105,已提供,,水泥黄沙铺贴，斜铺、错缝、不规则、走边铺贴费用另计，不含美缝、胶泥。,瓷砖/石材铺贴,是,
半包报价模板,80,71,三、卧室工程,73,,,900*1800mm地砖（水泥砂浆粘贴）,M2,0,,主案设计师手工填写,200,120,已提供,,水泥黄沙铺贴，斜铺、错缝、不规则、走边铺贴费用另计，不含美缝、胶泥。,瓷砖/石材铺贴,是,
半包报价模板,81,72,三、卧室工程,73,,,200*700mm小砖（胶泥粘帖）,M2,0,,主案设计师手工填写,200,140,已提供,,"1、轻工辅料，
2、马贝胶泥铺贴；",瓷砖/石材铺贴,是,
半包报价模板,82,73,三、卧室工程,73,,,800*800mm墙砖（胶泥粘帖）,M2,0,,主案设计师手工填写,160,100,已提供,,"1、轻工辅料，
2、马贝胶泥铺贴；",瓷砖/石材铺贴,是,
半包报价模板,83,74,三、卧室工程,73,,,600*1200mm墙砖（胶泥粘帖）,M2,0,,主案设计师手工填写,170,105,已提供,,"1、轻工辅料，
2、马贝胶泥铺贴；",瓷砖/石材铺贴,是,
半包报价模板,84,75,三、卧室工程,73,,,750*1500mm墙砖（胶泥粘帖）,M2,0,,主案设计师手工填写,180,110,已提供,,"1、轻工辅料，
2、马贝胶泥铺贴；",瓷砖/石材铺贴,是,
半包报价模板,85,76,三、卧室工程,73,,,900*1800mm墙砖（胶泥粘帖）,M2,0,,主案设计师手工填写,220,130,已提供,,"1、轻工辅料，
2、马贝胶泥铺贴；",瓷砖/石材铺贴,是,
半包报价模板,86,77,三、卧室工程,73,,,（薄贴）瓷砖增加人工费,M2,,,主案设计师手工填写,20,10,已提供,,水泥黄沙瓜子片地暖找平，厚度≤50mm,瓷砖/石材铺贴,是,
半包报价模板,87,78,三、卧室工程,73,,找平,粗找平,M2,,,主案设计师手工填写,58,40,已提供,,水泥黄沙瓜子片地暖找平，厚度≤50mm,,否,
半包报价模板,88,79,三、卧室工程,73,,,瓜子片豆石精找平,M2,0,,主案设计师手工填写,78,50,已提供,,水泥黄沙瓜子片豆石精找平（地砖博贴专用，误差3mm）（厚度3到5cm）,,否,
半包报价模板,89,80,三、卧室工程,73,,,半干成品砂浆找平,M2,0,,主案设计师手工填写,98,65,已提供,,半干砂浆找平（地板找平专用，误差3mm以内）（厚度3到5cm）,,否,
半包报价模板,90,81,三、卧室工程,73,,木工吊顶,石膏板吊平顶,M2,0,,主案设计师手工填写,168,100,已提供,,"1、轻钢骨架，间距一般为400mm,打孔下膨胀螺栓固定；                           2、9.5mm厚纸面石膏板罩面，自攻螺丝钉固定，钉眼点涂防锈漆，石膏板接缝处填嵌石膏，粘帖专用绷带；",,否,
半包报价模板,91,82,三、卧室工程,73,,,欧松板基层处理,M,0,,主案设计师手工填写,168,100,已提供,,千年舟12/15MM欧松板基础打底,,否,
半包报价模板,92,83,三、卧室工程,73,,,欧松板基层石膏板饰面,M2,0,,主案设计师手工填写,240,140,已提供,,"1、15MM欧松板找平，打底。
2、9mm厚纸面石膏板罩面，自攻螺丝钉固定，钉眼点涂防锈漆，石膏板接缝处填嵌石膏，粘帖专用绷带；",,否,
半包报价模板,93,84,三、卧室工程,73,,,双层石膏板（墙面找平）,M2,,,主案设计师手工填写,188,110,已提供,,墙面木楔找平,,否,
半包报价模板,94,85,三、卧室工程,73,,,双层石膏板吊顶（顶面）,M2,,,主案设计师手工填写,238,150,已提供,,"1、轻钢骨架，间距一般为400mm,打孔下膨胀螺栓固定；                           2、9.5mm厚纸面石膏板罩面，加欧松板自攻螺丝钉固定，钉眼点涂防锈漆，石膏板接缝处填嵌石膏，粘帖专用绷带；",,否,
半包报价模板,95,86,三、卧室工程,73,,,石膏板吊斜顶,M2,0,,主案设计师手工填写,188,110,已提供,,"1、轻钢骨架，间距一般为400mm,打孔下膨胀螺栓固定；                           2、9.5mm厚纸面石膏板罩面，自攻螺丝钉固定，钉眼点涂防锈漆，石膏板接缝处填嵌石膏，粘帖专用绷带；",,否,
半包报价模板,96,87,三、卧室工程,73,,,防水石膏板吊平顶,M2,0,,主案设计师手工填写,198,110,已提供,,"1、轻钢骨架，间距一般为400mm,打孔下膨胀螺栓固定；                           2、9.5mm厚纸面石膏板罩面，自攻螺丝钉固定，钉眼点涂防锈漆，石膏板接缝处填嵌石膏，粘帖专用绷带；",,否,
半包报价模板,97,88,三、卧室工程,73,,,石膏板异性造型吊顶,M2,13.4217,0.9*7.71+1.57*3.21+0.13*11.1,规则计算,258,150,已提供,,"1、轻钢骨架，间距一般为400mm,打孔下膨胀螺栓固定；                           2、9.5mm厚纸面石膏板罩面，自攻螺丝钉固定，钉眼点涂防锈漆，石膏板接缝处填嵌石膏，粘帖专用绷带；",,否,
半包报价模板,98,89,三、卧室工程,73,,,石膏板普通单层边吊（≤300mm）,M,0,,主案设计师手工填写,208,110,已提供,,"1、轻钢骨架，间距一般为400mm,打孔下膨胀螺栓固定；                           2、9.5mm厚纸面石膏板罩面，自攻螺丝钉固定，钉眼点涂防锈漆，石膏板接缝处填嵌石膏，粘帖专用绷带；
3、宽度不大于60mm。",,否,
半包报价模板,99,90,三、卧室工程,73,,,石膏板单级走边（≤200mm）,M,16.7,9.8+6.9,规则计算,80,50,已提供,,木板基层，石膏板封边，宽度少于20mm,,否,
半包报价模板,100,91,三、卧室工程,73,,,石膏板双级走边/双眼皮走边,M,0,,主案设计师手工填写,100,60,已提供,,木板基层，石膏板封边，宽度少于20mm,,否,
半包报价模板,101,92,三、卧室工程,73,,,禅翼型材灯线安装,M,0,,主案设计师手工填写,40,20,已提供,,,,否,缺施工说明
半包报价模板,102,93,三、卧室工程,73,,,吊顶凹槽造型/线型灯,M,25.89,13+1.89+11,规则计算,50,35,已提供,,留槽工艺,,否,
半包报价模板,103,94,三、卧室工程,73,,,反光灯槽吊顶,M,7.7,7.7,规则计算,60,40,已提供,,木工板基层，石膏板封边,,否,
半包报价模板,104,95,三、卧室工程,73,,,空调出风或回风口框架,M,6,,主案设计师手工填写,200,130,已提供,,欧松板框架，龙骨角条固定长度≤2000mm,,否,
半包报价模板,105,96,三、卧室工程,73,,,窗帘盒,M,6.1,,主案设计师手工填写,208,130,已提供,,1、优等欧松板做底板与立板，石膏板贴面                          2、宽度≤280mm；,,否,
半包报价模板,106,97,三、卧室工程,73,,,石膏板弧形造型（按人工补差）,个,4,,主案设计师手工填写,600,400,已提供,,圆弧造型补差人工费,,否,
半包报价模板,107,98,三、卧室工程,73,,,电视背景反光灯槽,M,0,,主案设计师手工填写,60,40,已提供,,木工板基层，石膏板封边,,否,
半包报价模板,108,99,三、卧室工程,73,,,欧松板基层石膏板饰面,M2,0,,主案设计师手工填写,240,140,已提供,,"1、15MM欧松板找平，打底。
2、9.5mm厚纸面石膏板罩面，自攻螺丝钉固定，钉眼点涂防锈漆，石膏板接缝处填嵌石膏，粘帖专用绷带；",,否,
半包报价模板,109,100,三、卧室工程,73,,,木制地台（一级细木工板）,M2,0,,主案设计师手工填写,208,110,已提供,,"1、松木方或优等细木工板开条做骨架，上铺优等细木工板，抽屉另计；               
2、地板、地毯、石塑等面层铺设另计；     
3、按平面面积计算工程量，高度≤200mm。",,否,
半包报价模板,110,101,三、卧室工程,73,,油漆,顶面基层处理,M2,20,SUM(E73),空间面积,47,35,已提供,,"1、刷界面剂一遍，批刮腻子三遍，打磨平整；                                   2、顶面水泥砂浆处理、沙灰墙铲除、原顶面涂层铲除及贴布等费用另计；             
3、原顶面平整度误差超过1.5cm、垂直误差超过1.5cm需找平，费用另计。",,否,
半包报价模板,111,102,三、卧室工程,73,,,顶面乳胶漆,M2,20,SUM(F110:F110),引用其他项目/参数,18,10,已提供,,"1、一遍底涂
2、两遍面涂及人工。",,否,
半包报价模板,112,103,三、卧室工程,73,,,墙面基层处理,M2,58.2,SUM(G73*I73),空间周长,47,35,已提供,,"1、刷界面剂一遍，批刮腻子三遍，打磨平整；                                   2、顶面水泥砂浆处理、沙灰墙铲除、原顶面涂层铲除及贴布等费用另计；
3、原顶面平整度误差超过1.5cm、垂直误差超过1.5cm需找平，费用另计。",,否,
半包报价模板,113,104,三、卧室工程,73,,,墙面乳胶漆,M2,58.2,SUM(F112:F112),引用其他项目/参数,18,10,已提供,,"1、一遍底涂
2、两遍面涂及人工。",,否,
半包报价模板,116,105,七、阳台工程,115,,1,包管道（1根）,项,0,,主案设计师手工填写,280,200,已提供,F116*G116,"1、成品现浇混凝土或红砖包管，含人工、辅料，
2、未包管部分下水管采用EVA材料保护、专用扎带固定",,否,
半包报价模板,117,106,七、阳台工程,115,,2,包管道（2根）,项,0,,主案设计师手工填写,380,300,已提供,,"1、成品现浇混凝土或红砖包管，含人工、辅料，
2、未包管部分下水管采用EVA材料保护、专用扎带固定",,否,
半包报价模板,118,107,七、阳台工程,115,,3,包管道（3根）,项,,,主案设计师手工填写,480,400,已提供,,"1、成品现浇混凝土或红砖包管，含人工、辅料，
2、未包管部分下水管采用EVA材料保护、专用扎带固定",,否,
半包报价模板,121,108,八、厨卫工程,120,,1,门槛石安装,M,0,,主案设计师手工填写,100,50,已提供,F121*G121,水泥黄沙铺贴（不足1米按1米算）,门槛石/窗台石/石材,是,
半包报价模板,122,109,八、厨卫工程,120,,2,成品保护,M2,0,,主案设计师手工填写,12,12,已提供,,乙方提供成品保护材料对于施工完成的半成品及成品进行保护。,,否,
半包报价模板,123,110,八、厨卫工程,120,,2,下沉式卫生间地面填充,M2,0,,主案设计师手工填写,228,150,已提供,,陶粒填充,,否,
半包报价模板,124,111,八、厨卫工程,120,,3,填充后细石砼地面找平,M2,0,F123,引用其他项目/参数,58,30,已提供,,水泥砂浆找平，厚度≤5cm，放6mm钢筋，间距15cm*15cm,,否,
半包报价模板,125,112,八、厨卫工程,120,,防水,地面水性防水涂料（地暖地面要算2遍）,M2,,,主案设计师手工填写,65,35,已提供,,"1、地面清理，四周防水带，内外角防水贴，淋浴水管根套             
2、一般墙面上返300mm
3、做24小时蓄水试验（甲方验收签字）；                   
4、不包含原地面装饰层拆除；
5、按实际涂刷面积计算工程量。",,否,
半包报价模板,126,113,八、厨卫工程,120,,,墙面水性防水涂料,M2,,,主案设计师手工填写,65,35,已提供,,"1、墙面清理，四周防水带，内外角防水贴，淋浴水管根套                 
2、卫生间墙面涂刷2000mm；                     
3、做24小时蓄水试验（甲方验收签字）；                   
4、不包含原地面装饰层拆除；
5、按实际涂刷面积计算工程量。",,否,
半包报价模板,127,114,八、厨卫工程,120,,找平,粗找平,M2,,,主案设计师手工填写,58,40,已提供,,水泥黄沙瓜子片地暖找平，厚度≤50mm,,否,
半包报价模板,128,115,八、厨卫工程,120,,,瓜子片豆石精找平,M2,0,,主案设计师手工填写,78,50,已提供,,水泥黄沙瓜子片豆石精找平（地砖博贴专用，误差3mm）（厚度3到5cm）,,否,
半包报价模板,129,116,八、厨卫工程,120,,,半干成品砂浆找平,M2,0,,主案设计师手工填写,98,65,已提供,,半干砂浆找平（地板找平专用，误差3mm以内）（厚度3到5cm）,,否,
半包报价模板,130,117,八、厨卫工程,120,,泥工贴砖,800*800mm地砖（水泥砂浆粘贴）,M2,0,,主案设计师手工填写,150,90,已提供,,水泥黄沙铺贴，斜铺、错缝、不规则、走边铺贴费用另计，不含美缝、胶泥。,瓷砖/石材铺贴,是,
半包报价模板,131,118,八、厨卫工程,120,,,600*1200mm地砖（水泥砂浆粘贴）,M2,0,SUM(E126),引用其他项目/参数,160,100,已提供,,水泥黄沙铺贴，斜铺、错缝、不规则、走边铺贴费用另计，不含美缝、胶泥。,瓷砖/石材铺贴,是,
半包报价模板,132,119,八、厨卫工程,120,,,750*1500mm地砖（水泥砂浆粘贴）,M2,0,,主案设计师手工填写,170,105,已提供,,水泥黄沙铺贴，斜铺、错缝、不规则、走边铺贴费用另计，不含美缝、胶泥。,瓷砖/石材铺贴,是,
半包报价模板,133,120,八、厨卫工程,120,,,900*1800mm地砖（水泥砂浆粘贴）,M2,0,,主案设计师手工填写,200,120,已提供,,水泥黄沙铺贴，斜铺、错缝、不规则、走边铺贴费用另计，不含美缝、胶泥。,瓷砖/石材铺贴,是,
半包报价模板,134,121,八、厨卫工程,120,,,200*700mm小砖（胶泥粘帖）,M2,0,,主案设计师手工填写,200,140,已提供,,"1、轻工辅料，
2、马贝胶泥铺贴；",瓷砖/石材铺贴,是,
半包报价模板,135,122,八、厨卫工程,120,,,800*800mm墙砖（胶泥粘帖）,M2,0,,主案设计师手工填写,160,100,已提供,,"1、轻工辅料，
2、马贝胶泥铺贴；",瓷砖/石材铺贴,是,
半包报价模板,136,123,八、厨卫工程,120,,,600*1200mm墙砖（胶泥粘帖）,M2,0,,主案设计师手工填写,170,105,已提供,,"1、轻工辅料，
2、马贝胶泥铺贴；",瓷砖/石材铺贴,是,
半包报价模板,137,124,八、厨卫工程,120,,,750*1500mm墙砖（胶泥粘帖）,M2,0,,主案设计师手工填写,180,110,已提供,,"1、轻工辅料，
2、马贝胶泥铺贴；",瓷砖/石材铺贴,是,
半包报价模板,138,125,八、厨卫工程,120,,,900*1800mm墙砖（胶泥粘帖）,M2,0,,主案设计师手工填写,220,130,已提供,,"1、轻工辅料，
2、马贝胶泥铺贴；",瓷砖/石材铺贴,是,
半包报价模板,139,126,八、厨卫工程,120,,,（薄贴）瓷砖增加人工费,M2,,,主案设计师手工填写,20,10,已提供,,水泥黄沙瓜子片地暖找平，厚度≤50mm,瓷砖/石材铺贴,是,
半包报价模板,140,127,八、厨卫工程,120,,,下沉式淋浴房工艺,M,0.9,,主案设计师手工填写,100,70,已提供,,水泥黄沙铺贴（不足1米按1米算）,淋浴房,是,
半包报价模板,141,128,八、厨卫工程,120,,,壁龛工艺增加,项,1,,主案设计师手工填写,499,300,已提供,,人工费,,否,
半包报价模板,142,129,八、厨卫工程,120,,,防水石膏板吊平顶,M2,5.8,E120,空间面积,198,110,已提供,,"1、轻钢骨架，间距一般为400mm,打孔下膨胀螺栓固定；                           2、9.5mm厚纸面石膏板罩面，自攻螺丝钉固定，钉眼点涂防锈漆，石膏板接缝处填嵌石膏，粘帖专用绷带；",,否,
半包报价模板,143,130,八、厨卫工程,120,,,顶面基层处理(防水腻子）,M2,5.8,F142,引用其他项目/参数,57,40,已提供,,"1、刷界面剂一遍，批刮腻子三遍，打磨平整；                                   2、顶面水泥砂浆处理、沙灰墙铲除、原顶面涂层铲除及贴布等费用另计；             
3、原顶面平整度误差超过1.5cm、垂直误差超过1.5cm需找平，费用另计。",,否,
半包报价模板,144,131,八、厨卫工程,120,,,顶面防水乳胶漆,简,1,,主案设计师手工填写,700,380,已提供,,防水乳胶漆,,否,
半包报价模板,145,132,八、厨卫工程,120,,,包管道（1根）,项,0,,主案设计师手工填写,280,200,已提供,,"1、成品现浇混凝土或红砖包管，含人工、辅料，
2、未包管部分下水管采用EVA材料保护、专用扎带固定",,否,
半包报价模板,146,133,八、厨卫工程,120,,,包管道（2根）,项,1,,主案设计师手工填写,380,300,已提供,,"1、成品现浇混凝土或红砖包管，含人工、辅料，
2、未包管部分下水管采用EVA材料保护、专用扎带固定",,否,
半包报价模板,147,134,八、厨卫工程,120,,,包管道（3根）,项,0,,主案设计师手工填写,480,400,已提供,,"1、成品现浇混凝土或红砖包管，含人工、辅料，
2、未包管部分下水管采用EVA材料保护、专用扎带固定",,否,
半包报价模板,151,135,十、油漆工程,150,,1,3D放样,M2,130,G2,建筑面积,12,12,已提供,SUM(F151*G151),人工费及辅料费,,否,
半包报价模板,152,136,十、油漆工程,150,,2,PVC常规型阴阳角线,M2,130,G2,建筑面积,8,4,已提供,F152*G152,"1、专业阴阳角线条处理。
2、按内墙面积计算",,否,
半包报价模板,153,137,十、油漆工程,150,,3,吊顶石膏板接缝、干壁钉防锈处理,M2,130,SUM(G2),建筑面积,5,2,已提供,,"1、接缝纸接石膏板接缝、干壁钉防锈漆处理。
2、按外框面积计算",,否,
半包报价模板,156,138,十一、水电工程,155,,1,开管线槽,M2,130,SUM(G2),建筑面积,15.5,10,已提供,,1 切割片 垃圾袋。,,否,
半包报价模板,157,139,十一、水电工程,155,,2,打孔穿线,M2,130,SUM(G2),建筑面积,15.5,10,已提供,,1 人工费 垃圾袋。,,否,
半包报价模板,158,140,十一、水电工程,155,,3,给水工程（PPR）,M2,130,G2,建筑面积,70,45,已提供,,"1、【保利橙色管25直径，壁厚4.2】ppr水管热熔连接；
2、开槽、定位； 
3、冷热水管EVA保温防潮工艺（顶面走向）",,否,
半包报价模板,159,141,十一、水电工程,155,,4,排水工程（PVC）,M2,130,G2,建筑面积,33.5,20,已提供,,保利PVC排水管、定位.,,否,
半包报价模板,160,142,十一、水电工程,155,,5,强电工程（1.5；2.5BV线；4.0Bvr线）,M2,130,G2,建筑面积,84.8,70,已提供,,【正泰】阻燃电线、86底盒、定位.,,否,
半包报价模板,161,143,十一、水电工程,155,,6,弱电工程（6类网线，电视线）,M2,130,G2,建筑面积,10.7,5,已提供,,【正泰】超六类网线、86底盒、定位.,,否,
半包报价模板,162,144,十一、水电工程,155,,7,风管机/中央空调外机强电穿线,项,1,,主案设计师手工填写,480,300,已提供,SUM(F162*G162),"1、国标单芯铜线 
2、PVC阻燃双色线管开槽铺设安装（4-6平方布线）",,否,
半包报价模板,163,145,十一、水电工程,155,,8,智能布线,M2,0,,主案设计师手工填写,10,5,已提供,F163*G163,,,否,缺施工说明
半包报价模板,164,146,十一、水电工程,155,,9,正泰空开更换,M2,130,G2,建筑面积,8,600,已提供,,正泰（含总开、漏电保护器、空开，单个电箱配置）按外框面积计算,,否,
半包报价模板,165,147,十一、水电工程,155,,10,施耐德空开更换,M2,,,主案设计师手工填写,22,15,已提供,,施耐德m9系列（含总开、漏电保护器、空开，单个电箱配置）按外框面积计算,,否,
半包报价模板,166,148,十一、水电工程,155,,11,小热水循环水布管,M2,0,,主案设计师手工填写,25,15,已提供,,按建筑面积外框计算,,否,
半包报价模板,167,149,十一、水电工程,155,,12,大热水循环水布管,M2,0,,主案设计师手工填写,35,20,已提供,,按建筑面积外框计算,,否,
半包报价模板,168,150,十一、水电工程,155,,13,强电箱移位,只,1,,主案设计师手工填写,785,300,已提供,F168*G168,"含PVC管、开槽，敷设人工,含箱子",,否,
半包报价模板,169,151,十一、水电工程,155,,14,弱电箱移位,只,0,,主案设计师手工填写,585,300,已提供,F169*G169,"含PVC管、开槽，敷设人工,含箱子",,否,
半包报价模板,170,152,十一、水电工程,155,,15,暗藏花洒预埋,套,0,,主案设计师手工填写,300,200,已提供,SUM(F170*G170),人工费，不含主材、辅材,卫浴/洁具,是,
半包报价模板,171,153,十一、水电工程,155,,16,暗藏龙头预埋,套,0,,主案设计师手工填写,300,200,已提供,,人工费，不含主材、辅材,,否,
半包报价模板,172,154,十一、水电工程,155,,17,下水管隔音处理（卫生间、阳台）,间,4,,主案设计师手工填写,220,150,已提供,,1、包管部分下水管采用黄金阻尼片，隔音棉材料保护、专用扎带固定,,否,
半包报价模板,175,155,十二、其他工程,174,,1,装修建筑垃圾外运,车,,,主案设计师手工填写,500,400,已提供,F175*G175,遇物业不负责垃圾外运时，装修所产生的建筑垃圾外运费用。,,否,
半包报价模板,176,156,十二、其他工程,174,,2,装潢垃圾清理费,M2,130,G2,建筑面积,15,10,已提供,,施工现场的垃圾物业指定堆放处（不含其它材料商产生的垃圾）,,否,
半包报价模板,177,157,十二、其他工程,174,,3,室内家政服务费,M2,130,G2,建筑面积,15,8,已提供,,完工时对工地进行室内家政服务。,,否,
