材料ID,材料名称,材料类型,材料子类型,品牌,规格型号,颜色,颜色来源,照片路径,单位,单价,成本,价格口径,价格匹配等级,价格匹配依据,关联半包工程项,半包模板Excel行,适用区域,PPT项目数量,PPT来源页,PPT来源编号,照片SHA256,项目概况原始信息,启用状态,待补充字段,数据说明
MAT-ST-01,客厅瓷砖,瓷砖/石材类,地砖,HBI,750*1500,浅米白石纹,照片推断,主材库完整版_静悦府融合_照片/MAT-ST-01__ST-01.jpg,M2,170,105,半包施工单价/预计施工成本,精确,规格750*1500，客餐厅地面,750*1500mm地砖（水泥砂浆粘贴）,34,客厅，餐厅，厨房地面,,4,ST-01,99419e47cdc2d3959ce513661bdb8352eaf08c17f68399a4615a9ff308442f46,"{""name"": ""客厅瓷砖"", ""brand"": ""图森"", ""model"": """", ""area"": """"}",可启用,,PPT项目概况品牌为图森，详细页品牌为HBI；采用详细页；价格取自半包施工工序，不等同于主材采购/零售价格
MAT-ST-02,卫生间墙地砖,瓷砖/石材类,墙地砖,HBI,600*1200,浅灰石纹,照片推断,主材库完整版_静悦府融合_照片/MAT-ST-02__ST-02.jpg,M2,170,105,半包施工单价/预计施工成本,近似,规格600*1200，按墙砖工序匹配；PPT同时标注墙地面,600*1200mm墙砖（胶泥粘帖）,38,卫生间墙地面,,4,ST-02,afd4201c97223668981dd9368e0d9c90c07b6b29e1806af20c62e582409b9f97,,待补充/待确认,价格匹配待确认,价格取自半包施工工序，不等同于主材采购/零售价格
MAT-ST-03,房间瓷砖,瓷砖/石材类,地砖,新岩素,600*1200,暖棕木纹,照片推断,主材库完整版_静悦府融合_照片/MAT-ST-03__ST-03.jpg,M2,160,100,半包施工单价/预计施工成本,精确,规格600*1200，房间地面,600*1200mm地砖（水泥砂浆粘贴）,33,房间地面,,4,ST-03,a6705507f0e49bf316d1f600abb8b849f652c0bbcddf36cafdfcdc6e8284ff93,"{""name"": ""房间瓷砖"", ""brand"": ""图森"", ""model"": """", ""area"": """"}",可启用,,PPT项目概况品牌为图森，详细页品牌为新岩素；采用详细页；价格取自半包施工工序，不等同于主材采购/零售价格
MAT-ST-04,主卫背景砖,瓷砖/石材类,背景墙砖,HBI,600*1200,米白细纹,照片推断,主材库完整版_静悦府融合_照片/MAT-ST-04__ST-04.jpg,M2,170,105,半包施工单价/预计施工成本,精确,规格600*1200，主卫背景墙,600*1200mm墙砖（胶泥粘帖）,38,主卫背景,,4,ST-04,87674fb257f781cbf338d696671294692c43e9c38d68534445593d28ca26f17d,,可启用,,价格取自半包施工工序，不等同于主材采购/零售价格
MAT-ST-05,厨房墙砖,瓷砖/石材类,墙砖,HBI,,暖白,照片推断,主材库完整版_静悦府融合_照片/MAT-ST-05__ST-05.jpg,M2,170,105,半包施工单价/预计施工成本,近似,厨房墙面，PPT未提供规格，暂按600*1200墙砖工序,600*1200mm墙砖（胶泥粘帖）,38,厨房墙面,,5,ST-05,f269fba4c9b1d6eb0613c335a8e42351a573375cecedff130f0bc5b2f19adcda,,待补充/待确认,规格型号；价格匹配待确认,价格取自半包施工工序，不等同于主材采购/零售价格
MAT-ST-06,电视背景定制砖,瓷砖/石材类,背景墙砖,定制,70*200,黑色,照片推断,主材库完整版_静悦府融合_照片/MAT-ST-06__ST-06.png,M2,200,140,半包施工单价/预计施工成本,近似,小规格背景砖，PPT为70*200，Excel最近项为200*700小砖,200*700mm小砖（胶泥粘帖）,36,电视背景,,5,ST-06,cbca15ff1aa062cc99168459fef71ef17de3103a9622e83ad1f4cde8e43a09f0,,待补充/待确认,价格匹配待确认,价格取自半包施工工序，不等同于主材采购/零售价格
MAT-ST-07,厨房柱子水磨石饰面板,瓷砖/石材类,定制石材饰面,定制,水磨石粉 / 12*1200*2700,粉色水磨石,型号及照片,主材库完整版_静悦府融合_照片/MAT-ST-07__ST-07.png,M2,,,,未匹配,PPT材料在半包模板中无可靠对应工序,,,厨房柱子,,5,ST-07,c50f988b532b75f881ce84c6c3a68392efe0dae8b799706f7216eb1cb37057ef,,待补充/待确认,单价；成本,
MAT-ST-08,餐边柜中岛米白洞石饰面,瓷砖/石材类,定制石材饰面,定制,米白洞石 / 9*1200*2700,米白洞石,型号及照片,主材库完整版_静悦府融合_照片/MAT-ST-08__ST-08.png,M2,,,,未匹配,PPT材料在半包模板中无可靠对应工序,,,餐边柜中岛,,5,ST-08,2af3d96f65c62cd58f635bc97234fff3515acaf97ccad49471d17f083de81ce5,,待补充/待确认,单价；成本,
MAT-WD-01,木作饰面板 WD-01,木作类,木作饰面板,,,浅米木纹,照片推断,主材库完整版_静悦府融合_照片/MAT-WD-01__WD-01.png,M2,,,,未匹配,PPT材料在半包模板中无可靠对应工序,,,,,6,WD-01,8a9d29a6ab54a41488ca0b6258a1945fa40f495d695e0ee370001e960e2785d0,,待补充/待确认,品牌；规格型号；单价；成本,
MAT-WD-02,木作饰面板 WD-02,木作类,木作饰面板,,,浅灰木纹,照片推断,主材库完整版_静悦府融合_照片/MAT-WD-02__WD-02.png,M2,,,,未匹配,PPT材料在半包模板中无可靠对应工序,,,,,6,WD-02,ce3eea9db7003538611ea42d537773dd8b0b6821014a2a9888a134a95ff96b8f,,待补充/待确认,品牌；规格型号；单价；成本,
MAT-WD-03,衣柜柜门,木作类,柜门饰面,图森,,灰棕木纹,照片推断,主材库完整版_静悦府融合_照片/MAT-WD-03__WD-03.png,M2,,,,未匹配,PPT材料在半包模板中无可靠对应工序,,,,,6,WD-03,5a1b014e0cfc771838a219a5c40a223d0cd916b1d459f096dae1e0df0c8d9474,"{""name"": ""衣柜柜门"", ""brand"": ""图森"", ""model"": """", ""area"": """"}",待补充/待确认,规格型号；单价；成本,
MAT-WD-04,木作饰面板 WD-04,木作类,木作饰面板,,,深灰木纹,照片推断,主材库完整版_静悦府融合_照片/MAT-WD-04__WD-04.png,M2,,,,未匹配,PPT材料在半包模板中无可靠对应工序,,,,,6,WD-04,7e856339c256aef4037e76c9b5bc69d1ecb1dd5cc15f6a09f1372823176054d1,,待补充/待确认,品牌；规格型号；单价；成本,
MAT-WD-05,木作饰面板 WD-05,木作类,木作饰面板,,,浅米木纹,照片推断,主材库完整版_静悦府融合_照片/MAT-WD-05__WD-05.png,M2,,,,未匹配,PPT材料在半包模板中无可靠对应工序,,,,,7,WD-05,0126197f5ed1d71ee82743aa2bf7d90fc40ff96721409eacef72d1204f13be84,,待补充/待确认,品牌；规格型号；单价；成本,
MAT-WD-06,木作饰面板 WD-06,木作类,木作饰面板,,,浅灰木纹,照片推断,主材库完整版_静悦府融合_照片/MAT-WD-06__WD-06.png,M2,,,,未匹配,PPT材料在半包模板中无可靠对应工序,,,,,7,WD-06,7767b8bc380b858e0db64983056b33eca2bf97746a487f83a7ffdb805a2b17cb,,待补充/待确认,品牌；规格型号；单价；成本,
MAT-WD-07,木作饰面板 WD-07,木作类,木作饰面板,,,灰棕木纹,照片推断,主材库完整版_静悦府融合_照片/MAT-WD-07__WD-07.png,M2,,,,未匹配,PPT材料在半包模板中无可靠对应工序,,,,,7,WD-07,6d20b78036442bbf6a2f2f46603a231b0b2a955f7105149d6f39d78133bff6ed,,待补充/待确认,品牌；规格型号；单价；成本,
MAT-WD-08,木作饰面板 WD-08,木作类,木作饰面板,,,深棕木纹,照片推断,主材库完整版_静悦府融合_照片/MAT-WD-08__WD-08.png,M2,,,,未匹配,PPT材料在半包模板中无可靠对应工序,,,,,7,WD-08,e7f5223b6680c3f36f79e5fb7bcc3b54b4286560aea898fdfe13e02b3ed4a33e,,待补充/待确认,品牌；规格型号；单价；成本,
MAT-WD-09,木作饰面板 WD-09,木作类,木作饰面板,,,深咖木纹,照片推断,主材库完整版_静悦府融合_照片/MAT-WD-09__WD-09.png,M2,,,,未匹配,PPT材料在半包模板中无可靠对应工序,,,,,7,WD-09,486d1a8efd7ed42c51cbc8cee4decabeabdb6c14bdaee9b8c7e314a4143e3769,,待补充/待确认,品牌；规格型号；单价；成本,
MAT-WD-10,木作饰面板 WD-10,木作类,木作饰面板,,,灰棕木纹,照片推断,主材库完整版_静悦府融合_照片/MAT-WD-10__WD-10.png,M2,,,,未匹配,PPT材料在半包模板中无可靠对应工序,,,,,7,WD-10,8d9707aada5b416e96dc8ebec4450e5938e32ab1c496975791239db4ed744fe3,,待补充/待确认,品牌；规格型号；单价；成本,
MAT-WD-11,木作饰面板 WD-11,木作类,木作饰面板,,,深棕木纹,照片推断,主材库完整版_静悦府融合_照片/MAT-WD-11__WD-11.png,M2,,,,未匹配,PPT材料在半包模板中无可靠对应工序,,,,,7,WD-11,1eafb287243bca217bab4d049e1c55bc13312e2ff4dc9d0c389085f3c8cdd9c6,,待补充/待确认,品牌；规格型号；单价；成本,
MAT-WD-12,木作饰面板 WD-12,木作类,木作饰面板,,,浅灰木纹,照片推断,主材库完整版_静悦府融合_照片/MAT-WD-12__WD-12.png,M2,,,,未匹配,PPT材料在半包模板中无可靠对应工序,,,,,7,WD-12,f9ec749f4503e5927dbd9518b2b9f99a1dfabc221814f252126ea46bb0b0c88b,,待补充/待确认,品牌；规格型号；单价；成本,
MAT-MT-01,柜门铰链,五金类,铰链,悍高,三段力,黑色/枪灰,照片推断,主材库完整版_静悦府融合_照片/MAT-MT-01__MT-01.jpg,个,,,,未匹配,PPT材料在半包模板中无可靠对应工序,,,,,8,MT-01,601a111e759c646b05b3380448c01ba404cd979f09e784cace59bd6d6a570006,,待补充/待确认,单价；成本,
MAT-MT-02,抽屉三节轨,五金类,滑轨,悍高,三节轨,黑色,照片推断,主材库完整版_静悦府融合_照片/MAT-MT-02__MT-02.png,套,,,,未匹配,PPT材料在半包模板中无可靠对应工序,,,,,8,MT-02,31d6f4b02ca5478a6928d7e4df594982bc9d9132995b42b5424b9826e943753d,,待补充/待确认,单价；成本,
MAT-MT-03,抽屉托底轨,五金类,滑轨,悍高,托底轨,银色,照片推断,主材库完整版_静悦府融合_照片/MAT-MT-03__MT-03.jpg,套,,,,未匹配,PPT材料在半包模板中无可靠对应工序,,,,,8,MT-03,ec747d5a19ab30fdb413b0ef210b0cf21840bdf91c1088002323f7f307fcb034,,待补充/待确认,单价；成本,
MAT-MT-04,房间门锁,五金类,门锁,亿鹏,,枪灰色,照片推断,主材库完整版_静悦府融合_照片/MAT-MT-04__MT-04.png,把,,,,未匹配,PPT材料在半包模板中无可靠对应工序,,,三个房间门锁,,8,MT-04,ebf9346178b58d83cd5366c34b15442369318b1ccf7cd56b0195bed77ca203da,,待补充/待确认,规格型号；单价；成本,
MAT-MT-S09-C01-025,厨房拉篮,五金类,厨房五金,悍高,希勒3.0,黑色,照片推断,主材库完整版_静悦府融合_照片/MAT-MT-S09-C01-025__拉篮.jpg,套,,,,未匹配,PPT材料在半包模板中无可靠对应工序,,,厨房,,9,拉篮,d97eadb0d05412b5be0941ad3f5659c51ff830da789cc293b384c1b227173245,,待补充/待确认,单价；成本,
MAT-MT-S09-C02-026,厨房水槽,五金类,厨房水槽,威博施,水母,不锈钢原色,照片推断,主材库完整版_静悦府融合_照片/MAT-MT-S09-C02-026__水槽.png,套,,,,未匹配,PPT材料在半包模板中无可靠对应工序,,,,,9,水槽,91cca4bbaf419546c4b2380a3e16ced8f4b56930b85097d3825f4798831961e1,,待补充/待确认,单价；成本,
MAT-BR-S10-C01-027,主客卫洗漱龙头,卫浴类,龙头,顾朗,l-4386hb,枪灰色,照片推断,主材库完整版_静悦府融合_照片/MAT-BR-S10-C01-027__BR-01.jpg,套,,,,未匹配,PPT材料在半包模板中无可靠对应工序,,,主客卫洗漱龙头,2,10,BR-01,1d7b257b4ef9fc9331db2fd82b8466d8e390ca615d2bd993d462075e1e16025c,,待补充/待确认,单价；成本,PPT四个卫浴项重复使用BR-01，已生成唯一材料ID并保留原编号
MAT-BR-S10-C02-028,主客卫预埋龙头 l-4402hb,卫浴类,龙头,顾朗,l-4402hb,枪灰色,照片推断,主材库完整版_静悦府融合_照片/MAT-BR-S10-C02-028__BR-01.jpg,套,300,,半包施工单价/预计施工成本,关联工序,预埋龙头对应水电预埋工序,暗藏龙头预埋,337,主客卫预埋龙头,2,10,BR-01,1fc1c1f7f8f303663744664cac05f363c140dc4499dcc724aef7573c3fb39d31,,待补充/待确认,成本；价格匹配待确认,价格取自半包施工工序，不等同于主材采购/零售价格；PPT四个卫浴项重复使用BR-01，已生成唯一材料ID并保留原编号
MAT-BR-S10-C03-029,主客卫预埋龙头 l-4428nb,卫浴类,龙头,顾朗,l-4428nb,银色,照片推断,主材库完整版_静悦府融合_照片/MAT-BR-S10-C03-029__BR-01.jpg,套,300,,半包施工单价/预计施工成本,关联工序,预埋龙头对应水电预埋工序,暗藏龙头预埋,337,主客卫预埋龙头,2,10,BR-01,044eb8b19ccd8d39439a838b0610ed98346ba11e44e2714067047c264dba784a,,待补充/待确认,成本；价格匹配待确认,价格取自半包施工工序，不等同于主材采购/零售价格；PPT四个卫浴项重复使用BR-01，已生成唯一材料ID并保留原编号
MAT-BR-S10-C04-030,主客卫预埋龙头 l-4417QB,卫浴类,龙头,顾朗,l-4417QB,黄铜色,照片推断,主材库完整版_静悦府融合_照片/MAT-BR-S10-C04-030__BR-01.jpg,套,300,,半包施工单价/预计施工成本,关联工序,预埋龙头对应水电预埋工序,暗藏龙头预埋,337,主客卫预埋龙头,2,10,BR-01,9d2022251a2e99c5ac2725cdaa9670d9205c86fb05672fdeb3de022c5d561cad,,待补充/待确认,成本；价格匹配待确认,价格取自半包施工工序，不等同于主材采购/零售价格；PPT四个卫浴项重复使用BR-01，已生成唯一材料ID并保留原编号
MAT-BR-S11-C01-031,浴缸,卫浴类,浴缸,柯邸,X-LGC01,白色,照片推断,主材库完整版_静悦府融合_照片/MAT-BR-S11-C01-031__浴缸.png,套,,,,未匹配,PPT材料在半包模板中无可靠对应工序,,,绮美石,1,11,浴缸,8f6d4dbebb5c969d2fbcabd5a7fa3e6c825be06441d7104394efb09404c26443,,待补充/待确认,单价；成本,
MAT-BR-S11-C02-032,预埋落地龙头,卫浴类,龙头,顾朗,l-8579hb-1,枪灰色,PPT区域说明,主材库完整版_静悦府融合_照片/MAT-BR-S11-C02-032__预埋落地龙头.jpg,套,300,,半包施工单价/预计施工成本,关联工序,预埋龙头对应水电预埋工序,暗藏龙头预埋,337,预埋落地龙头（枪灰色）,1,11,预埋落地龙头,2a256fb436f4e4af20cee9de8c458ba59303a34513d80b852dec61a55e321b23,,待补充/待确认,成本；价格匹配待确认,价格取自半包施工工序，不等同于主材采购/零售价格
MAT-BR-S11-C03-033,明装花洒,卫浴类,花洒,顾朗,l-8577nb,枪灰色,PPT区域说明,主材库完整版_静悦府融合_照片/MAT-BR-S11-C03-033__明装花洒.jpg,套,,,,未匹配,PPT材料在半包模板中无可靠对应工序,,,主次卫琴键花洒（枪灰色）,2,11,明装花洒,5f4637d38f802f579f1f38e3dc9f929873786f515fa81423293a40364026d1cc,,待补充/待确认,单价；成本,
MAT-BR-S11-C04-034,预埋花洒,卫浴类,花洒,顾朗,l-8325ca,亮铬色,PPT区域说明,主材库完整版_静悦府融合_照片/MAT-BR-S11-C04-034__预埋花洒.jpg,套,300,,半包施工单价/预计施工成本,关联工序,预埋花洒对应水电预埋工序,暗藏花洒预埋,336,主次卫预埋花洒（亮色）,2,11,预埋花洒,74256a6c227c3ef3ada1d0d5b8f18a32309f51a2997c5e428987b749592c9647,,待补充/待确认,成本；价格匹配待确认,价格取自半包施工工序，不等同于主材采购/零售价格
MAT-BR-S11-C01-035,主次卫马桶,卫浴类,马桶,法恩莎,FLP0834D,白色,照片推断,主材库完整版_静悦府融合_照片/MAT-BR-S11-C01-035__主次卫马桶.png,套,,,,未匹配,PPT材料在半包模板中无可靠对应工序,,,轻智能主次卫马桶,2,11,主次卫马桶,b8b1e172789dd3383203f9923011e8fe506d21b50543aaeb376e1b69d8477270,,待补充/待确认,单价；成本,
MAT-BR-S11-C02-036,淋浴房,卫浴类,淋浴房,朗格34A,枪灰拉丝,枪灰拉丝,PPT型号,主材库完整版_静悦府融合_照片/MAT-BR-S11-C02-036__淋浴房.png,套,100,,半包施工单价/预计施工成本,关联工序,淋浴房商品仅关联下沉式淋浴房工艺,下沉式淋浴房工艺,260,一固一移,2,11,淋浴房,b2ee92e43e6f23293a56a7e207e2bfba2116dc155482f2a9dc2ec953aead45ea,,待补充/待确认,成本；价格匹配待确认,价格取自半包施工工序，不等同于主材采购/零售价格
MAT-BR-S11-C03-037,主卫浴室柜,卫浴类,浴室柜,,,,,,套,,,,未匹配,PPT材料在半包模板中无可靠对应工序,,,,,11,主卫浴室柜,,,待补充/待确认,品牌；规格型号；颜色；照片；单价；成本,
MAT-BR-S11-C04-038,次卫浴室柜,卫浴类,浴室柜,,,,,,套,,,,未匹配,PPT材料在半包模板中无可靠对应工序,,,,,11,次卫浴室柜,,,待补充/待确认,品牌；规格型号；颜色；照片；单价；成本,
MAT-PAINT-001,乳胶漆,涂料类,墙面涂料,佐敦,1001,,,,M2,18,10,半包施工单价/预计施工成本,精确,墙面乳胶漆,墙面乳胶漆,68,所有墙面,,2,项目概况-乳胶漆,,"{""name"": ""乳胶漆"", ""brand"": ""佐敦"", ""model"": ""1001"", ""area"": ""所有墙面""}",待补充/待确认,颜色；照片,价格取自半包施工工序，不等同于乳胶漆商品采购/零售价格
